{"cameraMode":{"drawMode":0,"name":"Shaded","section":"Shading Mode"},"sceneLighting":false,"audioPlay":false,"sceneViewState":{"m_AlwaysRefresh":false,"showFog":true,"showSkybox":false,"showFlares":true,"showImageEffects":true,"showParticleSystems":true,"showVisualEffectGraphs":true,"m_FxEnabled":true},"in2DMode":false,"pivot":{"x":0.00476837158203125,"y":0.3340719938278198,"z":0.009371280670166016},"rotation":{"x":0.1272997111082077,"y":0.8356693387031555,"z":-0.21811430156230927,"w":0.48772749304771426},"size":0.9282758831977844,"orthographic":false}