{"cameraMode":{"drawMode":0,"name":"Shaded","section":"Shading Mode"},"sceneLighting":false,"audioPlay":false,"sceneViewState":{"m_AlwaysRefresh":false,"showFog":true,"showSkybox":false,"showFlares":true,"showImageEffects":true,"showParticleSystems":true,"showVisualEffectGraphs":true,"m_FxEnabled":true},"in2DMode":false,"pivot":{"x":-0.000018402934074401855,"y":0.22842293977737428,"z":-0.000042751431465148926},"rotation":{"x":0.034233458340168,"y":0.9589332938194275,"z":-0.2487519234418869,"w":0.13201023638248444},"size":2.9586021900177,"orthographic":false}