{"cameraMode":{"drawMode":0,"name":"Shaded","section":"Shading Mode"},"sceneLighting":false,"audioPlay":false,"sceneViewState":{"m_AlwaysRefresh":false,"showFog":true,"showSkybox":false,"showFlares":true,"showImageEffects":true,"showParticleSystems":true,"showVisualEffectGraphs":true,"m_FxEnabled":true},"in2DMode":false,"pivot":{"x":-0.018432997167110444,"y":0.4037415087223053,"z":-1.1961283683776856},"rotation":{"x":-0.0016624685376882554,"y":0.991948664188385,"z":-0.12596304714679719,"w":-0.013093571178615094},"size":1.427520513534546,"orthographic":false}