{"cameraMode":{"drawMode":0,"name":"Shaded","section":"Shading Mode"},"sceneLighting":false,"audioPlay":false,"sceneViewState":{"m_AlwaysRefresh":false,"showFog":true,"showSkybox":false,"showFlares":true,"showImageEffects":true,"showParticleSystems":true,"showVisualEffectGraphs":true,"m_FxEnabled":true},"in2DMode":false,"pivot":{"x":-0.3245817720890045,"y":-0.21845126152038575,"z":0.5100978016853333},"rotation":{"x":0.029817970469594003,"y":0.9462966918945313,"z":-0.30867424607276919,"w":0.09141199290752411},"size":2.3275203704833986,"orthographic":false}