{"cameraMode":{"drawMode":0,"name":"Shaded","section":"Shading Mode"},"sceneLighting":false,"audioPlay":false,"sceneViewState":{"m_AlwaysRefresh":false,"showFog":true,"showSkybox":false,"showFlares":true,"showImageEffects":true,"showParticleSystems":true,"showVisualEffectGraphs":true,"m_FxEnabled":true},"in2DMode":false,"pivot":{"x":0.04587507247924805,"y":-0.13902544975280763,"z":0.23924994468688966},"rotation":{"x":0.002171830739825964,"y":0.9722859859466553,"z":-0.2336215376853943,"w":0.00904413964599371},"size":2.70739483833313,"orthographic":false}