{"cameraMode":{"drawMode":0,"name":"Shaded","section":"Shading Mode"},"sceneLighting":false,"audioPlay":false,"sceneViewState":{"m_AlwaysRefresh":false,"showFog":true,"showSkybox":false,"showFlares":true,"showImageEffects":true,"showParticleSystems":true,"showVisualEffectGraphs":true,"m_FxEnabled":true},"in2DMode":false,"pivot":{"x":0.054064273834228519,"y":0.5632447004318237,"z":-0.031484365463256839},"rotation":{"x":0.014674307778477669,"y":0.8971927165985107,"z":-0.029897276312112809,"w":0.4403878152370453},"size":1.207395076751709,"orthographic":false}