{"cameraMode":{"drawMode":0,"name":"Shaded","section":"Shading Mode"},"sceneLighting":false,"audioPlay":false,"sceneViewState":{"m_AlwaysRefresh":false,"showFog":true,"showSkybox":false,"showFlares":true,"showImageEffects":true,"showParticleSystems":true,"showVisualEffectGraphs":true,"m_FxEnabled":true},"in2DMode":false,"pivot":{"x":0.24417197704315186,"y":0.8355240821838379,"z":0.8757596015930176},"rotation":{"x":0.09115415066480637,"y":0.9084418416023254,"z":-0.2738724648952484,"w":0.30236002802848818},"size":2.0620076656341554,"orthographic":false}