{"cameraMode":{"drawMode":0,"name":"Shaded","section":"Shading Mode"},"sceneLighting":false,"audioPlay":false,"sceneViewState":{"m_AlwaysRefresh":false,"showFog":true,"showSkybox":false,"showFlares":true,"showImageEffects":true,"showParticleSystems":true,"showVisualEffectGraphs":true,"m_FxEnabled":true},"in2DMode":false,"pivot":{"x":-23.47744369506836,"y":11.210990905761719,"z":-270.52203369140627},"rotation":{"x":0.09115415066480637,"y":0.9084418416023254,"z":-0.2738724648952484,"w":0.30236002802848818},"size":24.771146774291993,"orthographic":false}