{"cameraMode":{"drawMode":0,"name":"Shaded","section":"Shading Mode"},"sceneLighting":false,"audioPlay":false,"sceneViewState":{"m_AlwaysRefresh":false,"showFog":true,"showSkybox":false,"showFlares":true,"showImageEffects":true,"showParticleSystems":true,"showVisualEffectGraphs":true,"m_FxEnabled":true},"in2DMode":false,"pivot":{"x":-0.0056993961334228519,"y":0.5639365315437317,"z":0.3522082567214966},"rotation":{"x":-0.07559660822153092,"y":0.844930112361908,"z":-0.12407985329627991,"w":-0.5147798657417297},"size":1.086207628250122,"orthographic":false}