{"cameraMode":{"drawMode":0,"name":"Shaded","section":"Shading Mode"},"sceneLighting":false,"audioPlay":false,"sceneViewState":{"m_AlwaysRefresh":false,"showFog":true,"showSkybox":false,"showFlares":true,"showImageEffects":true,"showParticleSystems":true,"showVisualEffectGraphs":true,"m_FxEnabled":true},"in2DMode":false,"pivot":{"x":-1.6000003814697266,"y":4.699999809265137,"z":-56.900001525878909},"rotation":{"x":0.12770196795463563,"y":0.8360716104507446,"z":-0.21955937147140504,"w":0.48628246784210207},"size":14.568836212158204,"orthographic":false}